{
  "project_info": {
    "project_number": "858454678836",
    "firebase_url": "https://wind-chimes-f7b33.firebaseio.com",
    "project_id": "wind-chimes-f7b33",
    "storage_bucket": "wind-chimes-f7b33.appspot.com"
  },
  "client": [
    {
      "client_info": {
        "mobilesdk_app_id": "1:858454678836:android:fff5ae9bf83e0c54",
        "android_client_info": {
          "package_name": "com.mobiowin.windchim"
        }
      },
      "oauth_client": [
        {
          "client_id": "858454678836-mfbr9rbia7abn2e94brgviegm01vk058.apps.googleusercontent.com",
          "client_type": 3
        }
      ],
      "api_key": [
        {
          "current_key": "AIzaSyBr3AhHOBzlK6mA7nnt1K8wWdKSbHjeSpM"
        }
      ],
      "services": {
        "analytics_service": {
          "status": 1
        },
        "appinvite_service": {
          "status": 1,
          "other_platform_oauth_client": []
        },
        "ads_service": {
          "status": 2
        }
      }
    }
  ],
  "configuration_version": "1"
}